[{"model": "auth.user", "pk": 1, "fields": {"password": "pbkdf2_sha256$150000$ESqIXEXDs1HL$xcnWVopMXorqjfQ2elpbBaUzY2GbGtnaZBnHgkuwEKU=", "last_login": "2020-03-20T21:53:08.364Z", "is_superuser": true, "username": "buhamad", "first_name": "", "last_name": "", "email": "", "is_staff": true, "is_active": true, "date_joined": "2020-03-09T18:00:16.245Z", "groups": [], "user_permissions": []}}, {"model": "auth.user", "pk": 2, "fields": {"password": "pbkdf2_sha256$150000$q2o2nFA4G4IW$GlDrbESU8uAbR8MC2EyT+HKFRHPJBaRzH2oqcOlEUVA=", "last_login": null, "is_superuser": false, "username": "Test1", "first_name": "", "last_name": "", "email": "", "is_staff": false, "is_active": true, "date_joined": "2020-03-17T20:02:03Z", "groups": [], "user_permissions": []}}, {"model": "auth.user", "pk": 3, "fields": {"password": "pbkdf2_sha256$150000$2qE5OXeekLGD$yc+14zyyLZWucdtaxcDFpzAZSOZ0ZtyUoFxVfrCQSc8=", "last_login": null, "is_superuser": false, "username": "test2", "first_name": "", "last_name": "", "email": "", "is_staff": false, "is_active": true, "date_joined": "2020-03-17T20:03:10Z", "groups": [], "user_permissions": []}}, {"model": "auth.user", "pk": 4, "fields": {"password": "pbkdf2_sha256$150000$ls8QHKYGFoM5$sbgd14h/PyiQEcLnOSUxNGm9jPnnKTpUjAQgNSr1lxo=", "last_login": null, "is_superuser": false, "username": "Test", "first_name": "", "last_name": "", "email": "", "is_staff": false, "is_active": true, "date_joined": "2020-03-22T16:59:07.834Z", "groups": [], "user_permissions": []}}, {"model": "auth.user", "pk": 5, "fields": {"password": "pbkdf2_sha256$150000$ehzjV9j9T1sx$qCYVAzOSoIZ52fwaxsbdS/P+Kct9g78udSvP/jWxq08=", "last_login": null, "is_superuser": false, "username": "buhamad2", "first_name": "", "last_name": "", "email": "", "is_staff": false, "is_active": true, "date_joined": "2020-03-22T17:00:59.930Z", "groups": [], "user_permissions": []}}, {"model": "auth.user", "pk": 6, "fields": {"password": "pbkdf2_sha256$150000$Jt0Gkqdg3Mv2$FVGTrji9ph23jkJ+eePoy+Hb9+oDx0f17CPKVQwczWU=", "last_login": null, "is_superuser": false, "username": "Buhamad3", "first_name": "", "last_name": "", "email": "", "is_staff": false, "is_active": true, "date_joined": "2020-03-22T17:03:26.931Z", "groups": [], "user_permissions": []}}, {"model": "auth.user", "pk": 7, "fields": {"password": "pbkdf2_sha256$150000$z66UbLiFEZNR$3tNAdGQuEC4yH9Ev3r5P3dkhq8w5qul1nvIbDbzwFxk=", "last_login": null, "is_superuser": false, "username": "Test5", "first_name": "", "last_name": "", "email": "", "is_staff": false, "is_active": true, "date_joined": "2020-03-22T17:07:54.974Z", "groups": [], "user_permissions": []}}, {"model": "auth.user", "pk": 8, "fields": {"password": "pbkdf2_sha256$150000$McIokdshUb15$TTZYALI+69N922XOcdyuLJCvdiahl7Syu3Cpbu0mEt8=", "last_login": null, "is_superuser": false, "username": "Buhamad", "first_name": "", "last_name": "", "email": "", "is_staff": false, "is_active": true, "date_joined": "2020-03-22T20:23:06.749Z", "groups": [], "user_permissions": []}}, {"model": "sessions.session", "pk": "hxcg6zr62xkq8kbisl0q3aajkgoo31bv", "fields": {"session_data": "NGQ4MGJkNzAxMGQ1OGQ4NmZhNzZkNGNmOWI3YjNkMWYzNjg2YTExZTp7Il9hdXRoX3VzZXJfaWQiOiIxIiwiX2F1dGhfdXNlcl9iYWNrZW5kIjoiZGphbmdvLmNvbnRyaWIuYXV0aC5iYWNrZW5kcy5Nb2RlbEJhY2tlbmQiLCJfYXV0aF91c2VyX2hhc2giOiI0M2M1YWUwOTNhNWU0MWJkMTMyNWNlYzgzYzZiZjhiODhkYzA5OTFiIn0=", "expire_date": "2020-04-03T21:53:08.489Z"}}, {"model": "sessions.session", "pk": "pnw5iuhird5zn21wlmbo6ntrhz7r540g", "fields": {"session_data": "NGQ4MGJkNzAxMGQ1OGQ4NmZhNzZkNGNmOWI3YjNkMWYzNjg2YTExZTp7Il9hdXRoX3VzZXJfaWQiOiIxIiwiX2F1dGhfdXNlcl9iYWNrZW5kIjoiZGphbmdvLmNvbnRyaWIuYXV0aC5iYWNrZW5kcy5Nb2RlbEJhY2tlbmQiLCJfYXV0aF91c2VyX2hhc2giOiI0M2M1YWUwOTNhNWU0MWJkMTMyNWNlYzgzYzZiZjhiODhkYzA5OTFiIn0=", "expire_date": "2020-03-23T18:01:12.516Z"}}, {"model": "api.coraltype", "pk": 1, "fields": {"name": "Zoanthid", "image": "zoanthids.PNG"}}, {"model": "api.coraltype", "pk": 2, "fields": {"name": "LPS", "image": "LPS.PNG"}}, {"model": "api.coraltype", "pk": 3, "fields": {"name": "Acropora", "image": "Acropora.PNG"}}, {"model": "api.coral", "pk": 4, "fields": {"name": "AOI Zoanthids", "price": "20.000", "image": "AOI_Zoanthids.PNG", "light": "low", "flow": "low", "care": "low", "coral_type": 1}}, {"model": "api.coral", "pk": 5, "fields": {"name": "Bam Bam Zoanthids", "price": "15.000", "image": "Bam_Bam_Zoanthids.PNG", "light": "low", "flow": "low", "care": "low", "coral_type": 1}}, {"model": "api.coral", "pk": 6, "fields": {"name": "Green Star Polyp", "price": "7.000", "image": "Green_Star_Polyp.PNG", "light": "low", "flow": "low", "care": "low", "coral_type": 1}}, {"model": "api.coral", "pk": 7, "fields": {"name": "Oxide Zoanthids", "price": "16.000", "image": "Oxide_Zoanthids.PNG", "light": "low", "flow": "low", "care": "low", "coral_type": 1}}, {"model": "api.coral", "pk": 8, "fields": {"name": "Cyclops Galaxea", "price": "17.000", "image": "Cyclops_Galaxea.PNG", "light": "medium", "flow": "low", "care": "medium", "coral_type": 2}}, {"model": "api.coral", "pk": 9, "fields": {"name": "Megatron Favia", "price": "7.000", "image": "Megatron_Favia.PNG", "light": "medium", "flow": "low", "care": "medium", "coral_type": 2}}, {"model": "api.coral", "pk": 10, "fields": {"name": "Neon Splatter Hammer", "price": "27.000", "image": "Neon_Splatter_Hammer.PNG", "light": "medium", "flow": "medium", "care": "medium", "coral_type": 2}}, {"model": "api.coral", "pk": 11, "fields": {"name": "Pink Berry Platygyra", "price": "20.000", "image": "Pink_Berry_Platygyra.PNG", "light": "medium", "flow": "medium", "care": "medium", "coral_type": 2}}, {"model": "api.orderitems", "pk": 1, "fields": {"quantity": 20, "coral": 5, "cart": 8}}, {"model": "api.orderitems", "pk": 2, "fields": {"quantity": 20, "coral": 5, "cart": 9}}, {"model": "api.orderitems", "pk": 3, "fields": {"quantity": 20, "coral": 5, "cart": 10}}, {"model": "api.orderitems", "pk": 4, "fields": {"quantity": 20, "coral": 5, "cart": 11}}, {"model": "api.orderitems", "pk": 5, "fields": {"quantity": 20, "coral": 5, "cart": 17}}, {"model": "api.orderitems", "pk": 6, "fields": {"quantity": 1, "coral": 5, "cart": 18}}, {"model": "api.orderitems", "pk": 7, "fields": {"quantity": 3, "coral": 5, "cart": 19}}, {"model": "api.orderitems", "pk": 8, "fields": {"quantity": 9, "coral": 5, "cart": 20}}, {"model": "api.orderitems", "pk": 9, "fields": {"quantity": 2, "coral": 5, "cart": 23}}, {"model": "api.orderitems", "pk": 10, "fields": {"quantity": 2, "coral": 4, "cart": 23}}, {"model": "api.ordercheckout", "pk": 1, "fields": {"user": 1, "date": "2020-03-18", "pyment_method": "Knet"}}, {"model": "api.ordercheckout", "pk": 2, "fields": {"user": 1, "date": "2020-03-18", "pyment_method": "Knet"}}, {"model": "api.ordercheckout", "pk": 3, "fields": {"user": 1, "date": "2020-03-23", "pyment_method": "Knet"}}, {"model": "api.ordercheckout", "pk": 4, "fields": {"user": 1, "date": "2020-03-23", "pyment_method": "Knet"}}, {"model": "api.ordercheckout", "pk": 5, "fields": {"user": 1, "date": "2020-03-23", "pyment_method": "Knet"}}, {"model": "api.ordercheckout", "pk": 6, "fields": {"user": 1, "date": "2020-03-23", "pyment_method": "Knet"}}, {"model": "api.ordercheckout", "pk": 7, "fields": {"user": 1, "date": "2020-03-23", "pyment_method": "Knet"}}, {"model": "api.ordercheckout", "pk": 8, "fields": {"user": 1, "date": "2020-03-23", "pyment_method": "Knet"}}, {"model": "api.ordercheckout", "pk": 9, "fields": {"user": 1, "date": "2020-03-23", "pyment_method": "Knet"}}, {"model": "api.ordercheckout", "pk": 10, "fields": {"user": 1, "date": "2020-03-23", "pyment_method": "Knet"}}, {"model": "api.ordercheckout", "pk": 11, "fields": {"user": 8, "date": "2020-03-23", "pyment_method": "Knet"}}, {"model": "api.ordercheckout", "pk": 12, "fields": {"user": 8, "date": "2020-03-23", "pyment_method": "Knet"}}, {"model": "api.ordercheckout", "pk": 13, "fields": {"user": 8, "date": "2020-03-23", "pyment_method": "Knet"}}, {"model": "api.ordercheckout", "pk": 14, "fields": {"user": 8, "date": "2020-03-23", "pyment_method": "Knet"}}, {"model": "api.ordercheckout", "pk": 15, "fields": {"user": 8, "date": "2020-03-23", "pyment_method": "Knet"}}, {"model": "api.ordercheckout", "pk": 16, "fields": {"user": 8, "date": "2020-03-23", "pyment_method": "Knet"}}, {"model": "api.ordercheckout", "pk": 17, "fields": {"user": 8, "date": "2020-03-23", "pyment_method": "Knet"}}, {"model": "api.ordercheckout", "pk": 18, "fields": {"user": 8, "date": "2020-03-23", "pyment_method": "Knet"}}, {"model": "api.ordercheckout", "pk": 19, "fields": {"user": 8, "date": "2020-03-23", "pyment_method": "Knet"}}, {"model": "api.ordercheckout", "pk": 20, "fields": {"user": 8, "date": "2020-03-23", "pyment_method": "Knet"}}, {"model": "api.ordercheckout", "pk": 21, "fields": {"user": 8, "date": "2020-03-23", "pyment_method": "Knet"}}, {"model": "api.ordercheckout", "pk": 22, "fields": {"user": 8, "date": "2020-03-23", "pyment_method": "Knet"}}, {"model": "api.ordercheckout", "pk": 23, "fields": {"user": 8, "date": "2020-03-23", "pyment_method": "Knet"}}, {"model": "admin.logentry", "pk": 1, "fields": {"action_time": "2020-03-10T12:55:30.574Z", "user": 1, "content_type": 8, "object_id": "1", "object_repr": "Soft Corals", "action_flag": 1, "change_message": "[{\"added\": {}}]"}}, {"model": "admin.logentry", "pk": 2, "fields": {"action_time": "2020-03-10T12:56:01.930Z", "user": 1, "content_type": 8, "object_id": "1", "object_repr": "Zoanthid", "action_flag": 2, "change_message": "[{\"changed\": {\"fields\": [\"name\"]}}]"}}, {"model": "admin.logentry", "pk": 3, "fields": {"action_time": "2020-03-10T12:57:27.476Z", "user": 1, "content_type": 8, "object_id": "2", "object_repr": "LPS", "action_flag": 1, "change_message": "[{\"added\": {}}]"}}, {"model": "admin.logentry", "pk": 4, "fields": {"action_time": "2020-03-10T12:59:12.045Z", "user": 1, "content_type": 8, "object_id": "3", "object_repr": "Acropora", "action_flag": 1, "change_message": "[{\"added\": {}}]"}}, {"model": "admin.logentry", "pk": 5, "fields": {"action_time": "2020-03-10T15:20:08.801Z", "user": 1, "content_type": 7, "object_id": "1", "object_repr": "fire red", "action_flag": 1, "change_message": "[{\"added\": {}}]"}}, {"model": "admin.logentry", "pk": 6, "fields": {"action_time": "2020-03-10T15:20:37.637Z", "user": 1, "content_type": 7, "object_id": "2", "object_repr": "red sea", "action_flag": 1, "change_message": "[{\"added\": {}}]"}}, {"model": "admin.logentry", "pk": 7, "fields": {"action_time": "2020-03-10T15:21:10.737Z", "user": 1, "content_type": 7, "object_id": "3", "object_repr": "coded", "action_flag": 1, "change_message": "[{\"added\": {}}]"}}, {"model": "admin.logentry", "pk": 8, "fields": {"action_time": "2020-03-10T21:20:20.140Z", "user": 1, "content_type": 7, "object_id": "1", "object_repr": "fire red", "action_flag": 3, "change_message": ""}}, {"model": "admin.logentry", "pk": 9, "fields": {"action_time": "2020-03-10T21:20:23.696Z", "user": 1, "content_type": 7, "object_id": "2", "object_repr": "red sea", "action_flag": 3, "change_message": ""}}, {"model": "admin.logentry", "pk": 10, "fields": {"action_time": "2020-03-10T21:20:27.348Z", "user": 1, "content_type": 7, "object_id": "3", "object_repr": "coded", "action_flag": 3, "change_message": ""}}, {"model": "admin.logentry", "pk": 11, "fields": {"action_time": "2020-03-10T21:21:06.799Z", "user": 1, "content_type": 7, "object_id": "4", "object_repr": "AOI Zoanthids", "action_flag": 1, "change_message": "[{\"added\": {}}]"}}, {"model": "admin.logentry", "pk": 12, "fields": {"action_time": "2020-03-10T21:21:30.027Z", "user": 1, "content_type": 7, "object_id": "5", "object_repr": "Bam Bam Zoanthids", "action_flag": 1, "change_message": "[{\"added\": {}}]"}}, {"model": "admin.logentry", "pk": 13, "fields": {"action_time": "2020-03-10T21:21:52.295Z", "user": 1, "content_type": 7, "object_id": "6", "object_repr": "Green Star Polyp", "action_flag": 1, "change_message": "[{\"added\": {}}]"}}, {"model": "admin.logentry", "pk": 14, "fields": {"action_time": "2020-03-10T21:22:13.352Z", "user": 1, "content_type": 7, "object_id": "7", "object_repr": "Oxide Zoanthids", "action_flag": 1, "change_message": "[{\"added\": {}}]"}}, {"model": "admin.logentry", "pk": 15, "fields": {"action_time": "2020-03-10T21:24:02.361Z", "user": 1, "content_type": 7, "object_id": "8", "object_repr": "Cyclops Galaxea", "action_flag": 1, "change_message": "[{\"added\": {}}]"}}, {"model": "admin.logentry", "pk": 16, "fields": {"action_time": "2020-03-10T21:24:31.320Z", "user": 1, "content_type": 7, "object_id": "9", "object_repr": "Megatron Favia", "action_flag": 1, "change_message": "[{\"added\": {}}]"}}, {"model": "admin.logentry", "pk": 17, "fields": {"action_time": "2020-03-10T21:25:03.828Z", "user": 1, "content_type": 7, "object_id": "10", "object_repr": "Neon Splatter Hammer", "action_flag": 1, "change_message": "[{\"added\": {}}]"}}, {"model": "admin.logentry", "pk": 18, "fields": {"action_time": "2020-03-10T21:25:34.275Z", "user": 1, "content_type": 7, "object_id": "11", "object_repr": "Pink Berry Platygyra", "action_flag": 1, "change_message": "[{\"added\": {}}]"}}, {"model": "admin.logentry", "pk": 19, "fields": {"action_time": "2020-03-16T16:31:35.845Z", "user": 1, "content_type": 9, "object_id": "1", "object_repr": "buhamad", "action_flag": 1, "change_message": "[{\"added\": {}}]"}}, {"model": "admin.logentry", "pk": 20, "fields": {"action_time": "2020-03-16T16:37:59.172Z", "user": 1, "content_type": 10, "object_id": "1", "object_repr": "AOI Zoanthids: 4", "action_flag": 1, "change_message": "[{\"added\": {}}]"}}, {"model": "admin.logentry", "pk": 21, "fields": {"action_time": "2020-03-18T00:25:53.655Z", "user": 1, "content_type": 9, "object_id": "13", "object_repr": "buhamad", "action_flag": 3, "change_message": ""}}, {"model": "admin.logentry", "pk": 22, "fields": {"action_time": "2020-03-18T00:26:01.534Z", "user": 1, "content_type": 9, "object_id": "12", "object_repr": "buhamad", "action_flag": 3, "change_message": ""}}, {"model": "admin.logentry", "pk": 23, "fields": {"action_time": "2020-03-18T00:26:05.839Z", "user": 1, "content_type": 9, "object_id": "11", "object_repr": "buhamad", "action_flag": 3, "change_message": ""}}, {"model": "admin.logentry", "pk": 24, "fields": {"action_time": "2020-03-18T00:26:09.199Z", "user": 1, "content_type": 9, "object_id": "10", "object_repr": "buhamad", "action_flag": 3, "change_message": ""}}, {"model": "admin.logentry", "pk": 25, "fields": {"action_time": "2020-03-18T00:26:12.780Z", "user": 1, "content_type": 9, "object_id": "9", "object_repr": "buhamad", "action_flag": 3, "change_message": ""}}, {"model": "admin.logentry", "pk": 26, "fields": {"action_time": "2020-03-18T00:26:16.205Z", "user": 1, "content_type": 9, "object_id": "8", "object_repr": "buhamad", "action_flag": 3, "change_message": ""}}, {"model": "admin.logentry", "pk": 27, "fields": {"action_time": "2020-03-18T00:26:19.334Z", "user": 1, "content_type": 9, "object_id": "7", "object_repr": "buhamad", "action_flag": 3, "change_message": ""}}, {"model": "admin.logentry", "pk": 28, "fields": {"action_time": "2020-03-18T00:26:22.521Z", "user": 1, "content_type": 9, "object_id": "6", "object_repr": "buhamad", "action_flag": 3, "change_message": ""}}, {"model": "admin.logentry", "pk": 29, "fields": {"action_time": "2020-03-18T00:26:25.673Z", "user": 1, "content_type": 9, "object_id": "5", "object_repr": "buhamad", "action_flag": 3, "change_message": ""}}, {"model": "admin.logentry", "pk": 30, "fields": {"action_time": "2020-03-18T00:26:29.424Z", "user": 1, "content_type": 9, "object_id": "4", "object_repr": "buhamad", "action_flag": 3, "change_message": ""}}, {"model": "admin.logentry", "pk": 31, "fields": {"action_time": "2020-03-18T00:26:32.799Z", "user": 1, "content_type": 9, "object_id": "3", "object_repr": "buhamad", "action_flag": 3, "change_message": ""}}, {"model": "admin.logentry", "pk": 32, "fields": {"action_time": "2020-03-18T00:26:36.025Z", "user": 1, "content_type": 9, "object_id": "2", "object_repr": "buhamad", "action_flag": 3, "change_message": ""}}, {"model": "admin.logentry", "pk": 33, "fields": {"action_time": "2020-03-18T00:26:39.441Z", "user": 1, "content_type": 9, "object_id": "1", "object_repr": "buhamad", "action_flag": 3, "change_message": ""}}, {"model": "admin.logentry", "pk": 34, "fields": {"action_time": "2020-03-18T14:24:43.196Z", "user": 1, "content_type": 9, "object_id": "17", "object_repr": "buhamad", "action_flag": 3, "change_message": ""}}, {"model": "admin.logentry", "pk": 35, "fields": {"action_time": "2020-03-18T14:24:46.592Z", "user": 1, "content_type": 9, "object_id": "16", "object_repr": "buhamad", "action_flag": 3, "change_message": ""}}, {"model": "admin.logentry", "pk": 36, "fields": {"action_time": "2020-03-18T14:24:53.288Z", "user": 1, "content_type": 9, "object_id": "15", "object_repr": "buhamad", "action_flag": 3, "change_message": ""}}, {"model": "admin.logentry", "pk": 37, "fields": {"action_time": "2020-03-18T15:12:29.805Z", "user": 1, "content_type": 9, "object_id": "23", "object_repr": "teat1", "action_flag": 3, "change_message": ""}}, {"model": "admin.logentry", "pk": 38, "fields": {"action_time": "2020-03-18T15:12:34.146Z", "user": 1, "content_type": 9, "object_id": "22", "object_repr": "teat1", "action_flag": 3, "change_message": ""}}, {"model": "admin.logentry", "pk": 39, "fields": {"action_time": "2020-03-18T15:12:37.437Z", "user": 1, "content_type": 9, "object_id": "20", "object_repr": "buhamad", "action_flag": 3, "change_message": ""}}, {"model": "admin.logentry", "pk": 40, "fields": {"action_time": "2020-03-18T15:13:18.676Z", "user": 1, "content_type": 4, "object_id": "2", "object_repr": "Test1", "action_flag": 2, "change_message": "[{\"changed\": {\"fields\": [\"username\"]}}]"}}, {"model": "admin.logentry", "pk": 41, "fields": {"action_time": "2020-03-18T15:13:28.978Z", "user": 1, "content_type": 4, "object_id": "3", "object_repr": "test2", "action_flag": 2, "change_message": "[{\"changed\": {\"fields\": [\"username\"]}}]"}}]